This spectrum was collected on:	2017-09-28	14:09:45
Integration Time:	5 	ms
--------------
Fit Parameters
--------------
Center:	6.359e-07	m
FWHM:	9.24e-08	m
-------------
Spectrum Data
-------------
Wavelength (m)	Corrected Signal	Applied Blank
3.75e-07	159.738612252	0.0
3.7525e-07	143.992762642	0.0
3.755e-07	98.7255532144	0.0
3.7575e-07	77.9396958814	0.0
3.76e-07	139.977671982	0.0
3.7625e-07	101.507229777	0.0
3.765e-07	154.046305897	0.0
3.7675e-07	108.921699982	0.0
3.77e-07	103.992304033	0.0
3.7725e-07	102.574602659	0.0
3.775e-07	164.744155708	0.0
3.7775e-07	149.565694121	0.0
3.78e-07	172.949942084	0.0
3.7825e-07	112.922343769	0.0
3.785e-07	154.706336696	0.0
3.7875e-07	156.452504531	0.0
3.79e-07	124.212173243	0.0
3.7925e-07	82.8157954889	0.0
3.795e-07	161.835655324	0.0
3.7975e-07	100.821883273	0.0
3.8e-07	94.6595862364	0.0
3.8025e-07	130.170579526	0.0
3.805e-07	94.2896359314	0.0
3.8075e-07	173.879814013	0.0
3.81e-07	170.980031734	0.0
3.8125e-07	178.412312362	0.0
3.815e-07	140.850192637	0.0
3.8175e-07	125.28471471	0.0
3.82e-07	180.99688571	0.0
3.8225e-07	174.73513384	0.0
3.825e-07	129.922785687	0.0
3.8275e-07	95.0066434302	0.0
3.83e-07	117.05389071	0.0
3.8325e-07	182.243668284	0.0
3.835e-07	88.9429944113	0.0
3.8375e-07	89.0579277954	0.0
3.84e-07	121.220393056	0.0
3.8425e-07	166.070843439	0.0
3.845e-07	110.150010296	0.0
3.8475e-07	184.823114868	0.0
3.85e-07	188.196471277	0.0
3.8525e-07	94.0418543213	0.0
3.855e-07	149.610527699	0.0
3.8575e-07	187.835991296	0.0
3.86e-07	129.905989381	0.0
3.8625e-07	171.583029768	0.0
3.865e-07	120.631071229	0.0
3.8675e-07	132.536290908	0.0
3.87e-07	175.284979665	0.0
3.8725e-07	151.778208366	0.0
3.875e-07	166.30506002	0.0
3.8775e-07	136.552633936	0.0
3.88e-07	128.933915497	0.0
3.8825e-07	157.672977697	0.0
3.885e-07	147.0011324	0.0
3.8875e-07	140.640277475	0.0
3.89e-07	151.645193289	0.0
3.8925e-07	195.627567817	0.0
3.895e-07	147.099155696	0.0
3.8975e-07	112.323503533	0.0
3.9e-07	122.701671696	0.0
3.9025e-07	138.339076832	0.0
3.905e-07	173.284193399	0.0
3.9075e-07	115.867504793	0.0
3.91e-07	165.478892091	0.0
3.9125e-07	165.200142821	0.0
3.915e-07	127.726818638	0.0
3.9175e-07	163.282438094	0.0
3.92e-07	123.816171296	0.0
3.9225e-07	189.921118633	0.0
3.925e-07	163.373675444	0.0
3.9275e-07	122.118119621	0.0
3.93e-07	214.537088084	0.0
3.9325e-07	145.320563993	0.0
3.935e-07	185.388586657	0.0
3.9375e-07	211.807054115	0.0
3.94e-07	149.789851455	0.0
3.9425e-07	161.968467884	0.0
3.945e-07	123.697133934	0.0
3.9475e-07	204.704644443	0.0
3.95e-07	159.186806226	0.0
3.9525e-07	127.472157632	0.0
3.955e-07	217.326958236	0.0
3.9575e-07	193.309571147	0.0
3.96e-07	177.594339514	0.0
3.9625e-07	166.224371563	0.0
3.965e-07	199.725442041	0.0
3.9675e-07	149.543406072	0.0
3.97e-07	199.001975722	0.0
3.9725e-07	162.635349368	0.0
3.975e-07	175.891352702	0.0
3.9775e-07	146.812554325	0.0
3.98e-07	151.426906881	0.0
3.9825e-07	181.300454325	0.0
3.985e-07	145.843870456	0.0
3.9875e-07	166.366006095	0.0
3.99e-07	185.737459942	0.0
3.9925e-07	189.225907738	0.0
3.995e-07	199.304719297	0.0
3.9975e-07	177.170511501	0.0
4e-07	175.470810262	0.0
4.0025e-07	209.320229448	0.0
4.005e-07	179.199124796	0.0
4.0075e-07	205.740784009	0.0
4.01e-07	202.564377713	0.0
4.0125e-07	149.293062785	0.0
4.015e-07	196.655852705	0.0
4.0175e-07	165.102646675	0.0
4.02e-07	239.102323929	0.0
4.0225e-07	220.830684249	0.0
4.025e-07	152.566600199	0.0
4.0275e-07	159.331820343	0.0
4.03e-07	241.132871147	0.0
4.0325e-07	171.481756228	0.0
4.035e-07	222.245048383	0.0
4.0375e-07	236.503776838	0.0
4.04e-07	223.036232215	0.0
4.0425e-07	213.64403635	0.0
4.045e-07	173.923986832	0.0
4.0475e-07	213.790244949	0.0
4.05e-07	176.111398011	0.0
4.0525e-07	173.948674456	0.0
4.055e-07	170.76535391	0.0
4.0575e-07	260.121543466	0.0
4.06e-07	204.03867279	0.0
4.0625e-07	201.720795611	0.0
4.065e-07	227.374590542	0.0
4.0675e-07	259.126338047	0.0
4.07e-07	199.470418086	0.0
4.0725e-07	182.956246707	0.0
4.075e-07	177.576618509	0.0
4.0775e-07	219.636534166	0.0
4.08e-07	191.787177649	0.0
4.0825e-07	231.98335701	0.0
4.085e-07	196.681280949	0.0
4.0875e-07	266.918643621	0.0
4.09e-07	229.84942686	0.0
4.0925e-07	278.926368275	0.0
4.095e-07	185.323329913	0.0
4.0975e-07	270.349792803	0.0
4.1e-07	237.551639568	0.0
4.1025e-07	271.821320143	0.0
4.105e-07	235.507069722	0.0
4.1075e-07	203.771325302	0.0
4.11e-07	214.488217739	0.0
4.1125e-07	195.59589277	0.0
4.115e-07	262.448052288	0.0
4.1175e-07	203.32028047	0.0
4.12e-07	243.698664429	0.0
4.1225e-07	255.37885422	0.0
4.125e-07	284.112431123	0.0
4.1275e-07	252.057215103	0.0
4.13e-07	208.249895163	0.0
4.1325e-07	208.579566674	0.0
4.135e-07	246.028800819	0.0
4.1375e-07	211.236690843	0.0
4.14e-07	254.728378466	0.0
4.1425e-07	216.425171633	0.0
4.145e-07	304.955161811	0.0
4.1475e-07	229.185223008	0.0
4.15e-07	251.684365293	0.0
4.1525e-07	309.91785394	0.0
4.155e-07	243.239924986	0.0
4.1575e-07	229.43485526	0.0
4.16e-07	279.737554441	0.0
4.1625e-07	261.964692848	0.0
4.165e-07	293.095082116	0.0
4.1675e-07	278.775647794	0.0
4.17e-07	280.920868378	0.0
4.1725e-07	221.212375097	0.0
4.175e-07	276.999465222	0.0
4.1775e-07	314.167348363	0.0
4.18e-07	292.084697861	0.0
4.1825e-07	296.825379255	0.0
4.185e-07	291.066788461	0.0
4.1875e-07	295.607372721	0.0
4.19e-07	275.259759044	0.0
4.1925e-07	275.184316155	0.0
4.195e-07	238.216841441	0.0
4.1975e-07	299.341988914	0.0
4.2e-07	271.738854128	0.0
4.2025e-07	319.446320222	0.0
4.205e-07	323.768163387	0.0
4.2075e-07	288.853388294	0.0
4.21e-07	299.196697928	0.0
4.2125e-07	280.829933185	0.0
4.215e-07	280.687199428	0.0
4.2175e-07	326.378885242	0.0
4.22e-07	294.189034639	0.0
4.2225e-07	307.198185907	0.0
4.225e-07	335.543484754	0.0
4.2275e-07	326.270705773	0.0
4.23e-07	268.528293609	0.0
4.2325e-07	298.384131722	0.0
4.235e-07	280.760780744	0.0
4.2375e-07	283.965890988	0.0
4.24e-07	361.123354509	0.0
4.2425e-07	312.640255607	0.0
4.245e-07	335.572239475	0.0
4.2475e-07	278.719315119	0.0
4.25e-07	282.605013844	0.0
4.2525e-07	300.174753833	0.0
4.255e-07	329.649313312	0.0
4.2575e-07	371.005821311	0.0
4.26e-07	369.15670681	0.0
4.2625e-07	296.077247901	0.0
4.265e-07	278.846638939	0.0
4.2675e-07	310.948780476	0.0
4.27e-07	349.368408931	0.0
4.2725e-07	347.89985931	0.0
4.275e-07	319.126500092	0.0
4.2775e-07	297.829025505	0.0
4.28e-07	377.75647675	0.0
4.2825e-07	320.656013875	0.0
4.285e-07	388.22035569	0.0
4.2875e-07	340.734221299	0.0
4.29e-07	389.955757534	0.0
4.2925e-07	360.073189501	0.0
4.295e-07	325.429235423	0.0
4.2975e-07	396.106510069	0.0
4.3e-07	337.235518633	0.0
4.3025e-07	328.202642964	0.0
4.305e-07	338.342159582	0.0
4.3075e-07	353.209983796	0.0
4.31e-07	333.25853546	0.0
4.3125e-07	412.141237783	0.0
4.315e-07	328.661709725	0.0
4.3175e-07	411.179156891	0.0
4.32e-07	347.708205307	0.0
4.3225e-07	328.842811754	0.0
4.325e-07	330.538891589	0.0
4.3275e-07	398.149182218	0.0
4.33e-07	370.121310015	0.0
4.3325e-07	366.313113532	0.0
4.335e-07	378.056846877	0.0
4.3375e-07	405.708833252	0.0
4.34e-07	405.988437493	0.0
4.3425e-07	400.576395423	0.0
4.345e-07	380.1316267	0.0
4.3475e-07	354.023659722	0.0
4.35e-07	382.61064887	0.0
4.3525e-07	365.400110247	0.0
4.355e-07	378.653485746	0.0
4.3575e-07	389.591260386	0.0
4.36e-07	431.605080451	0.0
4.3625e-07	432.078923726	0.0
4.365e-07	439.6882181	0.0
4.3675e-07	425.867054903	0.0
4.37e-07	417.238852057	0.0
4.3725e-07	372.361439405	0.0
4.375e-07	420.726333011	0.0
4.3775e-07	437.438171094	0.0
4.38e-07	455.793515165	0.0
4.3825e-07	455.128236875	0.0
4.385e-07	415.389596939	0.0
4.3875e-07	403.171111869	0.0
4.39e-07	413.109797165	0.0
4.3925e-07	438.352281038	0.0
4.395e-07	418.641677665	0.0
4.3975e-07	387.986954956	0.0
4.4e-07	450.654786078	0.0
4.4025e-07	396.124802299	0.0
4.405e-07	484.925954288	0.0
4.4075e-07	486.543589724	0.0
4.41e-07	437.327738863	0.0
4.4125e-07	448.800446309	0.0
4.415e-07	435.686688524	0.0
4.4175e-07	472.366983402	0.0
4.42e-07	418.430240303	0.0
4.4225e-07	497.123440662	0.0
4.425e-07	493.263383375	0.0
4.4275e-07	432.97006758	0.0
4.43e-07	488.715139687	0.0
4.4325e-07	453.51910304	0.0
4.435e-07	454.458114348	0.0
4.4375e-07	423.293979656	0.0
4.44e-07	480.612041846	0.0
4.4425e-07	496.740949076	0.0
4.445e-07	431.198991786	0.0
4.4475e-07	496.125677184	0.0
4.45e-07	463.581089071	0.0
4.4525e-07	494.534315614	0.0
4.455e-07	522.411884739	0.0
4.4575e-07	438.564058339	0.0
4.46e-07	506.182466234	0.0
4.4625e-07	530.982694209	0.0
4.465e-07	468.038723789	0.0
4.4675e-07	529.879166297	0.0
4.47e-07	461.233351836	0.0
4.4725e-07	516.752385531	0.0
4.475e-07	500.367933713	0.0
4.4775e-07	538.658357039	0.0
4.48e-07	531.492016915	0.0
4.4825e-07	558.641404403	0.0
4.485e-07	507.752198982	0.0
4.4875e-07	476.338832627	0.0
4.49e-07	558.101550579	0.0
4.4925e-07	508.264303203	0.0
4.495e-07	511.345808471	0.0
4.4975e-07	570.322146435	0.0
4.5e-07	521.673923123	0.0
4.5025e-07	532.672411301	0.0
4.505e-07	524.739294392	0.0
4.5075e-07	543.900500545	0.0
4.51e-07	554.679781477	0.0
4.5125e-07	548.648030519	0.0
4.515e-07	554.447456088	0.0
4.5175e-07	529.787118298	0.0
4.52e-07	502.581571983	0.0
4.5225e-07	512.813032937	0.0
4.525e-07	539.848149731	0.0
4.5275e-07	580.046937728	0.0
4.53e-07	580.981242368	0.0
4.5325e-07	531.025801063	0.0
4.535e-07	596.826056152	0.0
4.5375e-07	592.559740128	0.0
4.54e-07	578.252306191	0.0
4.5425e-07	622.610658156	0.0
4.545e-07	608.139951683	0.0
4.5475e-07	614.976039032	0.0
4.55e-07	535.418195011	0.0
4.5525e-07	556.251093522	0.0
4.555e-07	616.402441908	0.0
4.5575e-07	578.788800125	0.0
4.56e-07	590.011354534	0.0
4.5625e-07	569.351579578	0.0
4.565e-07	616.746808404	0.0
4.5675e-07	563.364994526	0.0
4.57e-07	621.688031123	0.0
4.5725e-07	651.138043901	0.0
4.575e-07	630.236815817	0.0
4.5775e-07	654.177602373	0.0
4.58e-07	636.6583258	0.0
4.5825e-07	572.085172096	0.0
4.585e-07	665.246851033	0.0
4.5875e-07	661.716390334	0.0
4.59e-07	646.85419099	0.0
4.5925e-07	654.358416805	0.0
4.595e-07	670.484066047	0.0
4.5975e-07	648.316615682	0.0
4.6e-07	691.439341452	0.0
4.6025e-07	630.566664524	0.0
4.605e-07	659.445751327	0.0
4.6075e-07	643.643046962	0.0
4.61e-07	605.127839614	0.0
4.6125e-07	676.994111748	0.0
4.615e-07	624.430464303	0.0
4.6175e-07	634.357284926	0.0
4.62e-07	668.800378133	0.0
4.6225e-07	683.424712772	0.0
4.625e-07	674.391770913	0.0
4.6275e-07	709.001763332	0.0
4.63e-07	722.377841427	0.0
4.6325e-07	722.809524813	0.0
4.635e-07	639.521612777	0.0
4.6375e-07	673.338832494	0.0
4.64e-07	715.104415014	0.0
4.6425e-07	719.659505417	0.0
4.645e-07	649.556135675	0.0
4.6475e-07	681.502139645	0.0
4.65e-07	710.562403333	0.0
4.6525e-07	668.238126052	0.0
4.655e-07	740.238190259	0.0
4.6575e-07	712.44118406	0.0
4.66e-07	747.475992265	0.0
4.6625e-07	716.667664111	0.0
4.665e-07	734.627095799	0.0
4.6675e-07	778.564951389	0.0
4.67e-07	700.205555128	0.0
4.6725e-07	784.000653488	0.0
4.675e-07	718.771161197	0.0
4.6775e-07	744.208684989	0.0
4.68e-07	707.721371366	0.0
4.6825e-07	794.422731286	0.0
4.685e-07	791.027464162	0.0
4.6875e-07	715.352157781	0.0
4.69e-07	805.856659452	0.0
4.6925e-07	747.886592508	0.0
4.695e-07	730.768472662	0.0
4.6975e-07	818.822718729	0.0
4.7e-07	769.420986349	0.0
4.7025e-07	774.000330638	0.0
4.705e-07	772.797210162	0.0
4.7075e-07	818.227391773	0.0
4.71e-07	783.165728798	0.0
4.7125e-07	819.320076114	0.0
4.715e-07	813.039023925	0.0
4.7175e-07	760.113635311	0.0
4.72e-07	759.354170971	0.0
4.7225e-07	838.781718181	0.0
4.725e-07	845.279950552	0.0
4.7275e-07	778.159664837	0.0
4.73e-07	826.790493414	0.0
4.7325e-07	852.405315893	0.0
4.735e-07	789.60886599	0.0
4.7375e-07	787.401293349	0.0
4.74e-07	806.622258944	0.0
4.7425e-07	794.366709731	0.0
4.745e-07	809.359729048	0.0
4.7475e-07	818.270972197	0.0
4.75e-07	855.122253932	0.0
4.7525e-07	890.054321654	0.0
4.755e-07	880.06948083	0.0
4.7575e-07	905.624819031	0.0
4.76e-07	837.455584579	0.0
4.7625e-07	908.440543523	0.0
4.765e-07	892.30126735	0.0
4.7675e-07	890.991102608	0.0
4.77e-07	922.567664402	0.0
4.7725e-07	883.920592196	0.0
4.775e-07	900.822927777	0.0
4.7775e-07	895.655088597	0.0
4.78e-07	921.501494996	0.0
4.7825e-07	852.357990783	0.0
4.785e-07	922.437795842	0.0
4.7875e-07	902.088176943	0.0
4.79e-07	876.301625592	0.0
4.7925e-07	896.838291974	0.0
4.795e-07	940.835705152	0.0
4.7975e-07	904.114449688	0.0
4.8e-07	909.312816513	0.0
4.8025e-07	877.68147898	0.0
4.805e-07	942.38995306	0.0
4.8075e-07	975.301578897	0.0
4.81e-07	917.148620303	0.0
4.8125e-07	917.627595943	0.0
4.815e-07	980.767597194	0.0
4.8175e-07	975.473270589	0.0
4.82e-07	950.297564426	0.0
4.8225e-07	966.512732734	0.0
4.825e-07	981.164126098	0.0
4.8275e-07	995.304132483	0.0
4.83e-07	1015.82485142	0.0
4.8325e-07	952.959398611	0.0
4.835e-07	1016.88781168	0.0
4.8375e-07	975.170503597	0.0
4.84e-07	1017.42780612	0.0
4.8425e-07	950.73290405	0.0
4.845e-07	1027.84229621	0.0
4.8475e-07	1002.94363039	0.0
4.85e-07	1008.75582983	0.0
4.8525e-07	1039.65386554	0.0
4.855e-07	1018.70864568	0.0
4.8575e-07	1015.37224487	0.0
4.86e-07	1068.12452771	0.0
4.8625e-07	1010.33428456	0.0
4.865e-07	1049.95070241	0.0
4.8675e-07	1055.24362979	0.0
4.87e-07	1030.67275912	0.0
4.8725e-07	1000.74514827	0.0
4.875e-07	1006.93891309	0.0
4.8775e-07	1080.82364634	0.0
4.88e-07	1089.07139201	0.0
4.8825e-07	1086.49406548	0.0
4.885e-07	1058.85438059	0.0
4.8875e-07	1037.55432606	0.0
4.89e-07	1113.11787266	0.0
4.8925e-07	1036.19340195	0.0
4.895e-07	1035.33350723	0.0
4.8975e-07	1093.72183996	0.0
4.9e-07	1064.46523786	0.0
4.9025e-07	1113.2480485	0.0
4.905e-07	1150.15312152	0.0
4.9075e-07	1072.11251216	0.0
4.91e-07	1106.39448569	0.0
4.9125e-07	1101.05692727	0.0
4.915e-07	1073.88859825	0.0
4.9175e-07	1100.88525532	0.0
4.92e-07	1173.73640163	0.0
4.9225e-07	1134.55441276	0.0
4.925e-07	1089.06850024	0.0
4.9275e-07	1101.32248815	0.0
4.93e-07	1188.08944346	0.0
4.9325e-07	1126.56210319	0.0
4.935e-07	1143.30087593	0.0
4.9375e-07	1204.77621718	0.0
4.94e-07	1169.01831194	0.0
4.9425e-07	1161.20699847	0.0
4.945e-07	1217.71643844	0.0
4.9475e-07	1201.59464466	0.0
4.95e-07	1220.78448378	0.0
4.9525e-07	1204.8621433	0.0
4.955e-07	1210.63220344	0.0
4.9575e-07	1174.7684777	0.0
4.96e-07	1169.36508898	0.0
4.9625e-07	1197.47772078	0.0
4.965e-07	1259.90694232	0.0
4.9675e-07	1233.34281054	0.0
4.97e-07	1252.05300323	0.0
4.9725e-07	1191.05307081	0.0
4.975e-07	1256.01016483	0.0
4.9775e-07	1260.23192732	0.0
4.98e-07	1213.63119593	0.0
4.9825e-07	1294.13082322	0.0
4.985e-07	1292.47620811	0.0
4.9875e-07	1231.5933292	0.0
4.99e-07	1248.5155931	0.0
4.9925e-07	1265.65635296	0.0
4.995e-07	1304.09664629	0.0
4.9975e-07	1283.457646	0.0
5e-07	1325.68233014	0.0
5.0025e-07	1287.91012429	0.0
5.005e-07	1317.53252175	0.0
5.0075e-07	1291.49150478	0.0
5.01e-07	1308.53402217	0.0
5.0125e-07	1255.99775034	0.0
5.015e-07	1272.33181693	0.0
5.0175e-07	1303.78061623	0.0
5.02e-07	1338.71344892	0.0
5.0225e-07	1339.02923049	0.0
5.025e-07	1291.76400873	0.0
5.0275e-07	1308.58911128	0.0
5.03e-07	1331.42309567	0.0
5.0325e-07	1352.84650779	0.0
5.035e-07	1343.68202378	0.0
5.0375e-07	1378.66236206	0.0
5.04e-07	1365.3806009	0.0
5.0425e-07	1330.66852462	0.0
5.045e-07	1412.80368749	0.0
5.0475e-07	1397.9869882	0.0
5.05e-07	1365.12910905	0.0
5.0525e-07	1368.78622961	0.0
5.055e-07	1379.22445114	0.0
5.0575e-07	1345.04238026	0.0
5.06e-07	1367.15331727	0.0
5.0625e-07	1376.02967913	0.0
5.065e-07	1426.32113317	0.0
5.0675e-07	1401.50369296	0.0
5.07e-07	1386.46353808	0.0
5.0725e-07	1455.35998967	0.0
5.075e-07	1412.69527624	0.0
5.0775e-07	1409.21004177	0.0
5.08e-07	1436.39286958	0.0
5.0825e-07	1441.07162416	0.0
5.085e-07	1437.56360408	0.0
5.0875e-07	1477.61839157	0.0
5.09e-07	1456.85749719	0.0
5.0925e-07	1458.94656684	0.0
5.095e-07	1460.14066015	0.0
5.0975e-07	1500.56067338	0.0
5.1e-07	1500.88207533	0.0
5.1025e-07	1464.77741557	0.0
5.105e-07	1530.44693286	0.0
5.1075e-07	1470.91586715	0.0
5.11e-07	1532.9127623	0.0
5.1125e-07	1473.53254153	0.0
5.115e-07	1528.92601244	0.0
5.1175e-07	1497.59692631	0.0
5.12e-07	1491.85372195	0.0
5.1225e-07	1561.92786486	0.0
5.125e-07	1505.48485602	0.0
5.1275e-07	1530.72448128	0.0
5.13e-07	1580.43758758	0.0
5.1325e-07	1519.2422106	0.0
5.135e-07	1514.79544841	0.0
5.1375e-07	1580.70401826	0.0
5.14e-07	1539.87283286	0.0
5.1425e-07	1575.17553173	0.0
5.145e-07	1550.86896244	0.0
5.1475e-07	1567.46328445	0.0
5.15e-07	1552.22564789	0.0
5.1525e-07	1643.79676445	0.0
5.155e-07	1618.32280818	0.0
5.1575e-07	1634.02667776	0.0
5.16e-07	1591.03680185	0.0
5.1625e-07	1569.63832461	0.0
5.165e-07	1643.97071894	0.0
5.1675e-07	1611.01033794	0.0
5.17e-07	1639.35454427	0.0
5.1725e-07	1626.14624068	0.0
5.175e-07	1631.52664146	0.0
5.1775e-07	1635.35212328	0.0
5.18e-07	1658.0715729	0.0
5.1825e-07	1694.63514751	0.0
5.185e-07	1705.19761835	0.0
5.1875e-07	1634.0322791	0.0
5.19e-07	1689.88754199	0.0
5.1925e-07	1674.3042195	0.0
5.195e-07	1683.52789246	0.0
5.1975e-07	1683.91971491	0.0
5.2e-07	1726.98065884	0.0
5.2025e-07	1713.94242932	0.0
5.205e-07	1695.32179205	0.0
5.2075e-07	1705.57426346	0.0
5.21e-07	1741.91368584	0.0
5.2125e-07	1765.3000924	0.0
5.215e-07	1704.60017837	0.0
5.2175e-07	1787.30242134	0.0
5.22e-07	1767.24795601	0.0
5.2225e-07	1773.3127896	0.0
5.225e-07	1803.39657353	0.0
5.2275e-07	1752.47111029	0.0
5.23e-07	1732.43578929	0.0
5.2325e-07	1733.31828644	0.0
5.235e-07	1769.37272348	0.0
5.2375e-07	1832.24309144	0.0
5.24e-07	1782.59794738	0.0
5.2425e-07	1840.67971739	0.0
5.245e-07	1758.45418043	0.0
5.2475e-07	1784.8120803	0.0
5.25e-07	1783.35690457	0.0
5.2525e-07	1866.44564814	0.0
5.255e-07	1827.37924685	0.0
5.2575e-07	1788.83621094	0.0
5.26e-07	1848.33926768	0.0
5.2625e-07	1851.26897651	0.0
5.265e-07	1895.12652579	0.0
5.2675e-07	1865.43234654	0.0
5.27e-07	1900.60173621	0.0
5.2725e-07	1872.89413754	0.0
5.275e-07	1864.37557213	0.0
5.2775e-07	1920.98615923	0.0
5.28e-07	1901.96364419	0.0
5.2825e-07	1884.33487941	0.0
5.285e-07	1925.38904065	0.0
5.2875e-07	1851.37163048	0.0
5.29e-07	1893.5320359	0.0
5.2925e-07	1946.97311187	0.0
5.295e-07	1944.23800881	0.0
5.2975e-07	1933.56662368	0.0
5.3e-07	1935.38182531	0.0
5.3025e-07	1966.88536378	0.0
5.305e-07	1938.39713614	0.0
5.3075e-07	1967.36591787	0.0
5.31e-07	1911.15858787	0.0
5.3125e-07	1994.29331097	0.0
5.315e-07	1931.21126971	0.0
5.3175e-07	1966.30988467	0.0
5.32e-07	1986.88267175	0.0
5.3225e-07	1971.21671943	0.0
5.325e-07	2014.79971542	0.0
5.3275e-07	1945.95320023	0.0
5.33e-07	2023.69894272	0.0
5.3325e-07	2012.8144079	0.0
5.335e-07	1965.57464244	0.0
5.3375e-07	1967.25626345	0.0
5.34e-07	1992.58019195	0.0
5.3425e-07	2038.00154681	0.0
5.345e-07	2010.60115951	0.0
5.3475e-07	2014.65582121	0.0
5.35e-07	2012.50670583	0.0
5.3525e-07	2094.33193645	0.0
5.355e-07	2011.35222698	0.0
5.3575e-07	2099.31073269	0.0
5.36e-07	2098.78077311	0.0
5.3625e-07	2086.07594501	0.0
5.365e-07	2093.80516562	0.0
5.3675e-07	2124.57402413	0.0
5.37e-07	2049.33697292	0.0
5.3725e-07	2050.75690397	0.0
5.375e-07	2090.9708224	0.0
5.3775e-07	2106.7322098	0.0
5.38e-07	2141.89274801	0.0
5.3825e-07	2114.46123072	0.0
5.385e-07	2158.49612114	0.0
5.3875e-07	2159.51150921	0.0
5.39e-07	2172.7155128	0.0
5.3925e-07	2098.74957452	0.0
5.395e-07	2103.16835394	0.0
5.3975e-07	2144.00140301	0.0
5.4e-07	2205.70075904	0.0
5.4025e-07	2187.25421929	0.0
5.405e-07	2186.44238744	0.0
5.4075e-07	2225.23666415	0.0
5.41e-07	2183.26838623	0.0
5.4125e-07	2206.88158886	0.0
5.415e-07	2219.62746803	0.0
5.4175e-07	2241.73438048	0.0
5.42e-07	2223.1051107	0.0
5.4225e-07	2254.10440572	0.0
5.425e-07	2201.66220522	0.0
5.4275e-07	2190.48370157	0.0
5.43e-07	2227.18047815	0.0
5.4325e-07	2272.44234202	0.0
5.435e-07	2223.43761805	0.0
5.4375e-07	2250.59136774	0.0
5.44e-07	2294.99601022	0.0
5.4425e-07	2224.96892398	0.0
5.445e-07	2320.39628588	0.0
5.4475e-07	2292.56929769	0.0
5.45e-07	2292.02676319	0.0
5.4525e-07	2312.64672514	0.0
5.455e-07	2297.29945707	0.0
5.4575e-07	2350.89816654	0.0
5.46e-07	2354.29835252	0.0
5.4625e-07	2266.0225936	0.0
5.465e-07	2275.74828575	0.0
5.4675e-07	2336.75881467	0.0
5.47e-07	2344.7595759	0.0
5.4725e-07	2319.31142874	0.0
5.475e-07	2308.86437655	0.0
5.4775e-07	2341.76444656	0.0
5.48e-07	2308.9249962	0.0
5.4825e-07	2355.49346573	0.0
5.485e-07	2352.56585277	0.0
5.4875e-07	2340.80313329	0.0
5.49e-07	2378.12447503	0.0
5.4925e-07	2370.76454611	0.0
5.495e-07	2402.64167162	0.0
5.4975e-07	2378.06108724	0.0
5.5e-07	2433.63169505	0.0
5.5025e-07	2381.47859543	0.0
5.505e-07	2435.59221528	0.0
5.5075e-07	2385.91884416	0.0
5.51e-07	2384.11838508	0.0
5.5125e-07	2430.8085463	0.0
5.515e-07	2471.84701081	0.0
5.5175e-07	2402.52871384	0.0
5.52e-07	2485.24544328	0.0
5.5225e-07	2476.90860293	0.0
5.525e-07	2440.98020653	0.0
5.5275e-07	2456.98686173	0.0
5.53e-07	2476.97990009	0.0
5.5325e-07	2502.43543439	0.0
5.535e-07	2443.67716467	0.0
5.5375e-07	2475.02681053	0.0
5.54e-07	2519.08329662	0.0
5.5425e-07	2524.99939783	0.0
5.545e-07	2462.83844681	0.0
5.5475e-07	2512.56191985	0.0
5.55e-07	2506.37745945	0.0
5.5525e-07	2517.23828341	0.0
5.555e-07	2544.79212543	0.0
5.5575e-07	2501.73707943	0.0
5.56e-07	2544.1505556	0.0
5.5625e-07	2541.70845238	0.0
5.565e-07	2603.10805726	0.0
5.5675e-07	2562.44712442	0.0
5.57e-07	2602.70720631	0.0
5.5725e-07	2582.99847619	0.0
5.575e-07	2564.07554503	0.0
5.5775e-07	2622.37057184	0.0
5.58e-07	2594.41818714	0.0
5.5825e-07	2556.68092935	0.0
5.585e-07	2635.66777838	0.0
5.5875e-07	2576.67980053	0.0
5.59e-07	2652.18597341	0.0
5.5925e-07	2603.49655823	0.0
5.595e-07	2660.42101206	0.0
5.5975e-07	2634.92097236	0.0
5.6e-07	2636.91943625	0.0
5.6025e-07	2593.52035379	0.0
5.605e-07	2655.73079814	0.0
5.6075e-07	2626.54251123	0.0
5.61e-07	2681.88988886	0.0
5.6125e-07	2635.48246893	0.0
5.615e-07	2715.25884111	0.0
5.6175e-07	2641.41238997	0.0
5.62e-07	2644.39463116	0.0
5.6225e-07	2650.56508949	0.0
5.625e-07	2704.28262646	0.0
5.6275e-07	2748.10864985	0.0
5.63e-07	2723.8881924	0.0
5.6325e-07	2721.98799848	0.0
5.635e-07	2759.54214653	0.0
5.6375e-07	2768.68543878	0.0
5.64e-07	2776.7118517	0.0
5.6425e-07	2710.3871566	0.0
5.645e-07	2698.81317461	0.0
5.6475e-07	2764.61854758	0.0
5.65e-07	2759.03561541	0.0
5.6525e-07	2759.87631157	0.0
5.655e-07	2729.80178871	0.0
5.6575e-07	2784.26058483	0.0
5.66e-07	2785.99889486	0.0
5.6625e-07	2792.6859221	0.0
5.665e-07	2814.59896662	0.0
5.6675e-07	2811.15904515	0.0
5.67e-07	2805.22577288	0.0
5.6725e-07	2849.37999808	0.0
5.675e-07	2844.21266369	0.0
5.6775e-07	2799.76330729	0.0
5.68e-07	2819.61590767	0.0
5.6825e-07	2858.98339399	0.0
5.685e-07	2794.95889319	0.0
5.6875e-07	2851.06542311	0.0
5.69e-07	2809.83614923	0.0
5.6925e-07	2870.60498985	0.0
5.695e-07	2811.35969138	0.0
5.6975e-07	2877.77881665	0.0
5.7e-07	2858.91525769	0.0
5.7025e-07	2833.41291357	0.0
5.705e-07	2857.20161253	0.0
5.7075e-07	2875.76662145	0.0
5.71e-07	2834.58337597	0.0
5.7125e-07	2859.77346233	0.0
5.715e-07	2887.36904229	0.0
5.7175e-07	2920.33432825	0.0
5.72e-07	2922.18315888	0.0
5.7225e-07	2915.19533113	0.0
5.725e-07	2950.91548286	0.0
5.7275e-07	2963.97302572	0.0
5.73e-07	2962.56376654	0.0
5.7325e-07	2882.05600401	0.0
5.735e-07	2927.49077865	0.0
5.7375e-07	2907.40526177	0.0
5.74e-07	2913.91384847	0.0
5.7425e-07	2937.84711439	0.0
5.745e-07	2912.21719444	0.0
5.7475e-07	2957.11626091	0.0
5.75e-07	2980.60919619	0.0
5.7525e-07	2946.7575978	0.0
5.755e-07	2997.30588486	0.0
5.7575e-07	3030.79574942	0.0
5.76e-07	2991.75242236	0.0
5.7625e-07	3006.13360311	0.0
5.765e-07	2952.50672936	0.0
5.7675e-07	3028.65185972	0.0
5.77e-07	3057.16078093	0.0
5.7725e-07	3036.64546682	0.0
5.775e-07	3054.14272691	0.0
5.7775e-07	2977.2033956	0.0
5.78e-07	3002.27325077	0.0
5.7825e-07	3009.28158428	0.0
5.785e-07	2994.88643904	0.0
5.7875e-07	2998.15140689	0.0
5.79e-07	3050.34097417	0.0
5.7925e-07	3066.71337124	0.0
5.795e-07	3009.3903484	0.0
5.7975e-07	3083.8167023	0.0
5.8e-07	3086.88762391	0.0
5.8025e-07	3054.81344613	0.0
5.805e-07	3104.61594873	0.0
5.8075e-07	3095.94351206	0.0
5.81e-07	3107.93344974	0.0
5.8125e-07	3046.97519247	0.0
5.815e-07	3113.72050215	0.0
5.8175e-07	3075.20848044	0.0
5.82e-07	3087.68903189	0.0
5.8225e-07	3162.07823385	0.0
5.825e-07	3148.11641183	0.0
5.8275e-07	3117.15123002	0.0
5.83e-07	3114.94537798	0.0
5.8325e-07	3149.79785058	0.0
5.835e-07	3125.07081594	0.0
5.8375e-07	3162.50667157	0.0
5.84e-07	3174.44551509	0.0
5.8425e-07	3173.52533805	0.0
5.845e-07	3141.60908623	0.0
5.8475e-07	3198.95203084	0.0
5.85e-07	3148.56825624	0.0
5.8525e-07	3143.68767061	0.0
5.855e-07	3214.45245377	0.0
5.8575e-07	3200.4074464	0.0
5.86e-07	3207.60463844	0.0
5.8625e-07	3178.79128812	0.0
5.865e-07	3224.54714807	0.0
5.8675e-07	3185.22172445	0.0
5.87e-07	3164.36349549	0.0
5.8725e-07	3204.48611745	0.0
5.875e-07	3179.86659588	0.0
5.8775e-07	3180.92630629	0.0
5.88e-07	3191.11075682	0.0
5.8825e-07	3256.66152396	0.0
5.885e-07	3184.51505948	0.0
5.8875e-07	3216.32430808	0.0
5.89e-07	3190.52870829	0.0
5.8925e-07	3226.55064904	0.0
5.895e-07	3288.51828193	0.0
5.8975e-07	3241.75809751	0.0
5.9e-07	3262.8455868	0.0
5.9025e-07	3302.01794129	0.0
5.905e-07	3263.63954492	0.0
5.9075e-07	3245.62781909	0.0
5.91e-07	3235.46184921	0.0
5.9125e-07	3253.38750868	0.0
5.915e-07	3262.60027731	0.0
5.9175e-07	3239.99920325	0.0
5.92e-07	3288.63383565	0.0
5.9225e-07	3305.1996433	0.0
5.925e-07	3283.11929347	0.0
5.9275e-07	3286.87541764	0.0
5.93e-07	3259.28771283	0.0
5.9325e-07	3288.8937622	0.0
5.935e-07	3350.18427074	0.0
5.9375e-07	3347.41582421	0.0
5.94e-07	3353.92701144	0.0
5.9425e-07	3360.82020958	0.0
5.945e-07	3302.24121963	0.0
5.9475e-07	3313.6996366	0.0
5.95e-07	3347.56575485	0.0
5.9525e-07	3307.09445663	0.0
5.955e-07	3301.75716057	0.0
5.9575e-07	3390.16222708	0.0
5.96e-07	3335.534494	0.0
5.9625e-07	3308.89730932	0.0
5.965e-07	3377.50206535	0.0
5.9675e-07	3346.86602279	0.0
5.97e-07	3330.98704527	0.0
5.9725e-07	3412.07046866	0.0
5.975e-07	3418.25998758	0.0
5.9775e-07	3383.74379032	0.0
5.98e-07	3389.86945753	0.0
5.9825e-07	3364.17012386	0.0
5.985e-07	3395.47664096	0.0
5.9875e-07	3394.31767784	0.0
5.99e-07	3438.14508292	0.0
5.9925e-07	3410.29330929	0.0
5.995e-07	3356.52572956	0.0
5.9975e-07	3395.77884917	0.0
6e-07	3430.07206904	0.0
6.0025e-07	3405.10619331	0.0
6.005e-07	3408.07082005	0.0
6.0075e-07	3372.52076385	0.0
6.01e-07	3416.38124657	0.0
6.0125e-07	3415.8894516	0.0
6.015e-07	3421.68474885	0.0
6.0175e-07	3397.64467613	0.0
6.02e-07	3407.69347831	0.0
6.0225e-07	3465.49862058	0.0
6.025e-07	3480.94656467	0.0
6.0275e-07	3422.66120384	0.0
6.03e-07	3435.59679992	0.0
6.0325e-07	3498.05634041	0.0
6.035e-07	3467.44913601	0.0
6.0375e-07	3449.4105135	0.0
6.04e-07	3497.57633668	0.0
6.0425e-07	3458.4432233	0.0
6.045e-07	3464.12996956	0.0
6.0475e-07	3490.57372903	0.0
6.05e-07	3458.02789101	0.0
6.0525e-07	3488.6400609	0.0
6.055e-07	3478.62516969	0.0
6.0575e-07	3449.17628692	0.0
6.06e-07	3490.37582986	0.0
6.0625e-07	3493.97182356	0.0
6.065e-07	3506.72241111	0.0
6.0675e-07	3534.47079948	0.0
6.07e-07	3463.10514988	0.0
6.0725e-07	3519.53750093	0.0
6.075e-07	3529.50886129	0.0
6.0775e-07	3485.29820864	0.0
6.08e-07	3470.74647077	0.0
6.0825e-07	3549.09802053	0.0
6.085e-07	3559.97296936	0.0
6.0875e-07	3559.39984869	0.0
6.09e-07	3532.60673503	0.0
6.0925e-07	3480.84418867	0.0
6.095e-07	3577.90307605	0.0
6.0975e-07	3491.39691663	0.0
6.1e-07	3542.36838401	0.0
6.1025e-07	3522.31714926	0.0
6.105e-07	3586.18191253	0.0
6.1075e-07	3543.33974727	0.0
6.11e-07	3496.66261386	0.0
6.1125e-07	3586.09329996	0.0
6.115e-07	3579.58900293	0.0
6.1175e-07	3570.67608523	0.0
6.12e-07	3548.34922041	0.0
6.1225e-07	3589.03504226	0.0
6.125e-07	3569.19608144	0.0
6.1275e-07	3596.21573315	0.0
6.13e-07	3611.77597507	0.0
6.1325e-07	3599.65909388	0.0
6.135e-07	3524.2566869	0.0
6.1375e-07	3619.63057567	0.0
6.14e-07	3545.58223163	0.0
6.1425e-07	3625.89004904	0.0
6.145e-07	3610.50333709	0.0
6.1475e-07	3549.11785649	0.0
6.15e-07	3561.95989459	0.0
6.1525e-07	3628.09138108	0.0
6.155e-07	3576.550351	0.0
6.1575e-07	3582.5619492	0.0
6.16e-07	3593.13821048	0.0
6.1625e-07	3625.11161815	0.0
6.165e-07	3567.71036639	0.0
6.1675e-07	3628.24201806	0.0
6.17e-07	3553.51092383	0.0
6.1725e-07	3596.53318326	0.0
6.175e-07	3627.026574	0.0
6.1775e-07	3563.09385916	0.0
6.18e-07	3573.44148259	0.0
6.1825e-07	3567.37368929	0.0
6.185e-07	3624.79570478	0.0
6.1875e-07	3628.32689687	0.0
6.19e-07	3587.18421474	0.0
6.1925e-07	3640.29295903	0.0
6.195e-07	3662.1213956	0.0
6.1975e-07	3636.06627869	0.0
6.2e-07	3661.38009904	0.0
6.2025e-07	3617.70461384	0.0
6.205e-07	3586.38139466	0.0
6.2075e-07	3599.48162284	0.0
6.21e-07	3605.68621348	0.0
6.2125e-07	3678.93280757	0.0
6.215e-07	3635.52266442	0.0
6.2175e-07	3616.70050684	0.0
6.22e-07	3671.60216809	0.0
6.2225e-07	3639.50332797	0.0
6.225e-07	3631.1163237	0.0
6.2275e-07	3595.37526516	0.0
6.23e-07	3641.14880099	0.0
6.2325e-07	3675.9976255	0.0
6.235e-07	3686.71751381	0.0
6.2375e-07	3693.37989886	0.0
6.24e-07	3655.00015959	0.0
6.2425e-07	3597.09623074	0.0
6.245e-07	3668.46376452	0.0
6.2475e-07	3646.72027356	0.0
6.25e-07	3627.16875655	0.0
6.2525e-07	3692.95434114	0.0
6.255e-07	3685.93343256	0.0
6.2575e-07	3683.53784637	0.0
6.26e-07	3687.8903212	0.0
6.2625e-07	3645.17017668	0.0
6.265e-07	3671.03714056	0.0
6.2675e-07	3706.66653757	0.0
6.27e-07	3707.73886192	0.0
6.2725e-07	3618.9201837	0.0
6.275e-07	3674.28282455	0.0
6.2775e-07	3710.50029114	0.0
6.28e-07	3668.49491858	0.0
6.2825e-07	3654.37739696	0.0
6.285e-07	3713.40297924	0.0
6.2875e-07	3698.24823618	0.0
6.29e-07	3693.50398379	0.0
6.2925e-07	3671.49015383	0.0
6.295e-07	3669.44877253	0.0
6.2975e-07	3617.63249184	0.0
6.3e-07	3705.59853141	0.0
6.3025e-07	3651.01300637	0.0
6.305e-07	3680.75062306	0.0
6.3075e-07	3648.87344715	0.0
6.31e-07	3712.49449929	0.0
6.3125e-07	3715.44141169	0.0
6.315e-07	3651.42825972	0.0
6.3175e-07	3652.94075261	0.0
6.32e-07	3674.69012166	0.0
6.3225e-07	3671.95281713	0.0
6.325e-07	3691.25832251	0.0
6.3275e-07	3701.49495761	0.0
6.33e-07	3686.51337658	0.0
6.3325e-07	3668.88040336	0.0
6.335e-07	3652.71284055	0.0
6.3375e-07	3712.63383195	0.0
6.34e-07	3644.50258226	0.0
6.3425e-07	3717.16208498	0.0
6.345e-07	3670.98771742	0.0
6.3475e-07	3705.63883731	0.0
6.35e-07	3653.39041613	0.0
6.3525e-07	3723.44305263	0.0
6.355e-07	3668.72126812	0.0
6.3575e-07	3626.77114717	0.0
6.36e-07	3686.44035252	0.0
6.3625e-07	3674.50779931	0.0
6.365e-07	3681.46370286	0.0
6.3675e-07	3689.66773813	0.0
6.37e-07	3631.10489002	0.0
6.3725e-07	3639.6727833	0.0
6.375e-07	3646.14072074	0.0
6.3775e-07	3643.3926915	0.0
6.38e-07	3636.06808814	0.0
6.3825e-07	3688.49597286	0.0
6.385e-07	3696.78210512	0.0
6.3875e-07	3683.21062894	0.0
6.39e-07	3637.84994178	0.0
6.3925e-07	3637.66507824	0.0
6.395e-07	3658.58922482	0.0
6.3975e-07	3713.35204327	0.0
6.4e-07	3623.16893747	0.0
6.4025e-07	3665.8764259	0.0
6.405e-07	3656.39281834	0.0
6.4075e-07	3681.9408178	0.0
6.41e-07	3706.50904827	0.0
6.4125e-07	3675.84458231	0.0
6.415e-07	3668.61894711	0.0
6.4175e-07	3668.33392996	0.0
6.42e-07	3646.14377018	0.0
6.4225e-07	3644.32447893	0.0
6.425e-07	3642.9969406	0.0
6.4275e-07	3693.49469984	0.0
6.43e-07	3630.23029106	0.0
6.4325e-07	3689.60396655	0.0
6.435e-07	3654.79562727	0.0
6.4375e-07	3639.56216912	0.0
6.44e-07	3702.26202474	0.0
6.4425e-07	3650.42805952	0.0
6.445e-07	3623.64819868	0.0
6.4475e-07	3683.94042768	0.0
6.45e-07	3629.10005201	0.0
6.4525e-07	3630.74630141	0.0
6.455e-07	3702.04735858	0.0
6.4575e-07	3619.86917876	0.0
6.46e-07	3627.37007775	0.0
6.4625e-07	3651.28090083	0.0
6.465e-07	3617.08752206	0.0
6.4675e-07	3660.36320845	0.0
6.47e-07	3648.30046793	0.0
6.4725e-07	3616.05802334	0.0
6.475e-07	3619.13861484	0.0
6.4775e-07	3661.9538816	0.0
6.48e-07	3655.31098785	0.0
6.4825e-07	3617.06642159	0.0
6.485e-07	3683.32230658	0.0
6.4875e-07	3668.76767302	0.0
6.49e-07	3609.76351263	0.0
6.4925e-07	3603.34368916	0.0
6.495e-07	3663.78780941	0.0
6.4975e-07	3679.15148202	0.0
6.5e-07	3680.82081709	0.0
6.5025e-07	3589.19298983	0.0
6.505e-07	3620.44622863	0.0
6.5075e-07	3623.53971723	0.0
6.51e-07	3631.91181226	0.0
6.5125e-07	3606.57337228	0.0
6.515e-07	3614.0480188	0.0
6.5175e-07	3632.53234736	0.0
6.52e-07	3639.7746672	0.0
6.5225e-07	3621.07237435	0.0
6.525e-07	3641.20179899	0.0
6.5275e-07	3578.21610505	0.0
6.53e-07	3599.50412473	0.0
6.5325e-07	3617.3990483	0.0
6.535e-07	3564.73185927	0.0
6.5375e-07	3568.61811854	0.0
6.54e-07	3584.94524545	0.0
6.5425e-07	3557.06721349	0.0
6.545e-07	3565.34336027	0.0
6.5475e-07	3614.69639736	0.0
6.55e-07	3602.09912286	0.0
6.5525e-07	3636.08712253	0.0
6.555e-07	3582.94085209	0.0
6.5575e-07	3622.25953044	0.0
6.56e-07	3554.62794628	0.0
6.5625e-07	3585.56246547	0.0
6.565e-07	3573.72620124	0.0
6.5675e-07	3605.49975259	0.0
6.57e-07	3547.87515835	0.0
6.5725e-07	3583.47282465	0.0
6.575e-07	3550.28359747	0.0
6.5775e-07	3537.00600372	0.0
6.58e-07	3614.2504898	0.0
6.5825e-07	3543.5334294	0.0
6.585e-07	3571.25441278	0.0
6.5875e-07	3584.70282092	0.0
6.59e-07	3575.268472	0.0
6.5925e-07	3524.03140202	0.0
6.595e-07	3581.38024352	0.0
6.5975e-07	3588.16147972	0.0
6.6e-07	3604.29222474	0.0
6.6025e-07	3573.72458288	0.0
6.605e-07	3554.21858686	0.0
6.6075e-07	3507.34141351	0.0
6.61e-07	3511.58693786	0.0
6.6125e-07	3567.95338478	0.0
6.615e-07	3546.27023348	0.0
6.6175e-07	3540.92536101	0.0
6.62e-07	3508.11458077	0.0
6.6225e-07	3497.37453169	0.0
6.625e-07	3510.79486442	0.0
6.6275e-07	3574.71899069	0.0
6.63e-07	3570.23139597	0.0
6.6325e-07	3511.90114763	0.0
6.635e-07	3517.49340567	0.0
6.6375e-07	3507.63034865	0.0
6.64e-07	3496.01143953	0.0
6.6425e-07	3486.17556766	0.0
6.645e-07	3463.83513786	0.0
6.6475e-07	3455.16860032	0.0
6.65e-07	3533.89859085	0.0
6.6525e-07	3498.51763492	0.0
6.655e-07	3484.22484864	0.0
6.6575e-07	3470.58269561	0.0
6.66e-07	3480.53592335	0.0
6.6625e-07	3447.68446863	0.0
6.665e-07	3476.10403486	0.0
6.6675e-07	3448.61629343	0.0
6.67e-07	3480.26662152	0.0
6.6725e-07	3469.20924897	0.0
6.675e-07	3496.15490768	0.0
6.6775e-07	3489.33580361	0.0
6.68e-07	3484.80111555	0.0
6.6825e-07	3455.92705348	0.0
6.685e-07	3464.22508089	0.0
6.6875e-07	3477.67714416	0.0
6.69e-07	3481.30143492	0.0
6.6925e-07	3468.85249546	0.0
6.695e-07	3447.18224193	0.0
6.6975e-07	3452.29096748	0.0
6.7e-07	3412.14569929	0.0
6.7025e-07	3454.23381643	0.0
6.705e-07	3413.77871025	0.0
6.7075e-07	3382.26995004	0.0
6.71e-07	3432.54041222	0.0
6.7125e-07	3377.61366957	0.0
6.715e-07	3465.89607384	0.0
6.7175e-07	3389.19465074	0.0
6.72e-07	3359.58428289	0.0
6.7225e-07	3389.03594028	0.0
6.725e-07	3406.67199847	0.0
6.7275e-07	3357.1887007	0.0
6.73e-07	3384.46740919	0.0
6.7325e-07	3367.23351402	0.0
6.735e-07	3344.13320931	0.0
6.7375e-07	3339.56742073	0.0
6.74e-07	3351.97554885	0.0
6.7425e-07	3399.82566142	0.0
6.745e-07	3378.84547588	0.0
6.7475e-07	3409.98048913	0.0
6.75e-07	3401.02638609	0.0
6.7525e-07	3404.97169702	0.0
6.755e-07	3314.32889122	0.0
6.7575e-07	3306.31414633	0.0
6.76e-07	3398.75677086	0.0
6.7625e-07	3367.96390659	0.0
6.765e-07	3347.99105888	0.0
6.7675e-07	3385.9890791	0.0
6.77e-07	3357.10405109	0.0
6.7725e-07	3311.66870411	0.0
6.775e-07	3319.08293897	0.0
6.7775e-07	3297.93811604	0.0
6.78e-07	3281.85345036	0.0
6.7825e-07	3315.44178253	0.0
6.785e-07	3346.65780535	0.0
6.7875e-07	3291.71646955	0.0
6.79e-07	3348.08012525	0.0
6.7925e-07	3344.6022536	0.0
6.795e-07	3246.30532766	0.0
6.7975e-07	3260.47529164	0.0
6.8e-07	3315.90195402	0.0
6.8025e-07	3258.84969432	0.0
6.805e-07	3250.18505494	0.0
6.8075e-07	3277.41953411	0.0
6.81e-07	3270.75136307	0.0
6.8125e-07	3306.37345406	0.0
6.815e-07	3218.13772129	0.0
6.8175e-07	3236.32242707	0.0
6.82e-07	3211.12034881	0.0
6.8225e-07	3218.87392942	0.0
6.825e-07	3222.7953211	0.0
6.8275e-07	3193.31109299	0.0
6.83e-07	3265.2020569	0.0
6.8325e-07	3238.21508946	0.0
6.835e-07	3207.3474833	0.0
6.8375e-07	3219.10081204	0.0
6.84e-07	3265.48792264	0.0
6.8425e-07	3182.8445683	0.0
6.845e-07	3200.80462516	0.0
6.8475e-07	3205.03458456	0.0
6.85e-07	3222.71498778	0.0
6.8525e-07	3242.43160883	0.0
6.855e-07	3217.26146568	0.0
6.8575e-07	3191.18572751	0.0
6.86e-07	3174.84133731	0.0
6.8625e-07	3213.95657786	0.0
6.865e-07	3154.78450156	0.0
6.8675e-07	3208.09777415	0.0
6.87e-07	3176.1688864	0.0
6.8725e-07	3154.3966873	0.0
6.875e-07	3201.09764871	0.0
6.8775e-07	3113.49962065	0.0
6.88e-07	3094.74191884	0.0
6.8825e-07	3143.41289048	0.0
6.885e-07	3157.57720739	0.0
6.8875e-07	3107.78953685	0.0
6.89e-07	3085.36094399	0.0
6.8925e-07	3149.54603896	0.0
6.895e-07	3075.23099298	0.0
6.8975e-07	3159.35372121	0.0
6.9e-07	3068.22765096	0.0
6.9025e-07	3135.03698908	0.0
6.905e-07	3136.03073032	0.0
6.9075e-07	3072.97605942	0.0
6.91e-07	3118.26349181	0.0
6.9125e-07	3050.85332424	0.0
6.915e-07	3057.85109474	0.0
6.9175e-07	3098.83359482	0.0
6.92e-07	3050.16429186	0.0
6.9225e-07	3037.9516296	0.0
6.925e-07	3011.6032376	0.0
6.9275e-07	3067.19973401	0.0
6.93e-07	3044.55228315	0.0
6.9325e-07	3035.62535222	0.0
6.935e-07	3009.87562718	0.0
6.9375e-07	2997.0636184	0.0
6.94e-07	3068.0705686	0.0
6.9425e-07	3047.00586973	0.0
6.945e-07	3026.33502891	0.0
6.9475e-07	2965.48586318	0.0
6.95e-07	3053.05901212	0.0
6.9525e-07	2996.63076466	0.0
6.955e-07	2997.45515734	0.0
6.9575e-07	2962.90587191	0.0
6.96e-07	2943.13306602	0.0
6.9625e-07	3005.50636179	0.0
6.965e-07	3006.21731312	0.0
6.9675e-07	3017.75133267	0.0
6.97e-07	2919.13470653	0.0
6.9725e-07	2921.57692352	0.0
6.975e-07	2997.35900212	0.0
6.9775e-07	2947.92937259	0.0
6.98e-07	2963.67796962	0.0
6.9825e-07	2919.9037575	0.0
6.985e-07	2955.82918529	0.0
6.9875e-07	2957.39486863	0.0
6.99e-07	2897.21577928	0.0
6.9925e-07	2873.24580139	0.0
6.995e-07	2925.39639547	0.0
6.9975e-07	2908.37488851	0.0
7e-07	2866.44779816	0.0
7.0025e-07	2876.63829653	0.0
7.005e-07	2926.43168877	0.0
7.0075e-07	2890.88893831	0.0
7.01e-07	2846.37011519	0.0
7.0125e-07	2825.72692915	0.0
7.015e-07	2855.93247155	0.0
7.0175e-07	2871.37975122	0.0
7.02e-07	2886.45478659	0.0
7.0225e-07	2822.39114536	0.0
7.025e-07	2825.4747481	0.0
7.0275e-07	2827.74464234	0.0
7.03e-07	2812.3103475	0.0
7.0325e-07	2833.15833547	0.0
7.035e-07	2844.55703164	0.0
7.0375e-07	2861.60365131	0.0
7.04e-07	2858.67635119	0.0
7.0425e-07	2842.15452123	0.0
7.045e-07	2761.55695499	0.0
7.0475e-07	2843.73988311	0.0
7.05e-07	2817.02484935	0.0
7.0525e-07	2803.07989612	0.0
7.055e-07	2735.94957455	0.0
7.0575e-07	2787.01094923	0.0
7.06e-07	2724.29575406	0.0
7.0625e-07	2759.5169517	0.0
7.065e-07	2718.34503464	0.0
7.0675e-07	2771.89150755	0.0
7.07e-07	2729.86202329	0.0
7.0725e-07	2791.23119806	0.0
7.075e-07	2716.72120792	0.0
7.0775e-07	2759.04270485	0.0
7.08e-07	2732.97332217	0.0
7.0825e-07	2737.36938735	0.0
7.085e-07	2716.64620424	0.0
7.0875e-07	2737.39927477	0.0
7.09e-07	2740.67251088	0.0
7.0925e-07	2705.78358829	0.0
7.095e-07	2656.92419714	0.0
7.0975e-07	2733.19080375	0.0
7.1e-07	2656.92737309	0.0
7.1025e-07	2629.6807899	0.0
7.105e-07	2618.68500275	0.0
7.1075e-07	2705.45716381	0.0
7.11e-07	2608.11902754	0.0
7.1125e-07	2672.06235868	0.0
7.115e-07	2636.24722342	0.0
7.1175e-07	2657.78267366	0.0
7.12e-07	2643.62382029	0.0
7.1225e-07	2643.30076767	0.0
7.125e-07	2650.61039573	0.0
7.1275e-07	2586.89563293	0.0
7.13e-07	2581.03805085	0.0
7.1325e-07	2644.31266264	0.0
7.135e-07	2647.32708012	0.0
7.1375e-07	2569.97636594	0.0
7.14e-07	2579.46471952	0.0
7.1425e-07	2603.76679293	0.0
7.145e-07	2530.51362986	0.0
7.1475e-07	2606.04166993	0.0
7.15e-07	2577.15226863	0.0
7.1525e-07	2579.59327217	0.0
7.155e-07	2542.3823941	0.0
7.1575e-07	2580.01535095	0.0
7.16e-07	2491.48106335	0.0
7.1625e-07	2505.70347344	0.0
7.165e-07	2512.63941685	0.0
7.1675e-07	2497.41456285	0.0
7.17e-07	2486.61326623	0.0
7.1725e-07	2556.40417394	0.0
7.175e-07	2536.59651467	0.0
7.1775e-07	2458.42908918	0.0
7.18e-07	2500.18507862	0.0
7.1825e-07	2521.95654865	0.0
7.185e-07	2453.89539382	0.0
7.1875e-07	2427.90425425	0.0
7.19e-07	2513.12868778	0.0
7.1925e-07	2494.3145669	0.0
7.195e-07	2412.13603625	0.0
7.1975e-07	2476.33334613	0.0
7.2e-07	2447.07688949	0.0
7.2025e-07	2424.04831995	0.0
7.205e-07	2422.3241946	0.0
7.2075e-07	2386.36788694	0.0
7.21e-07	2373.71209529	0.0
7.2125e-07	2373.74476994	0.0
7.215e-07	2437.08041817	0.0
7.2175e-07	2444.07170792	0.0
7.22e-07	2417.71518844	0.0
7.2225e-07	2379.4292177	0.0
7.225e-07	2404.44592469	0.0
7.2275e-07	2366.1534473	0.0
7.23e-07	2408.23640185	0.0
7.2325e-07	2330.83220582	0.0
7.235e-07	2413.04590081	0.0
7.2375e-07	2377.34273296	0.0
7.24e-07	2365.15687932	0.0
7.2425e-07	2361.35854357	0.0
7.245e-07	2379.04129174	0.0
7.2475e-07	2363.46272377	0.0
7.25e-07	2370.70745346	0.0
7.2525e-07	2298.87027793	0.0
7.255e-07	2356.48439886	0.0
7.2575e-07	2331.27676322	0.0
7.26e-07	2307.2757994	0.0
7.2625e-07	2295.35538725	0.0
7.265e-07	2261.04167586	0.0
7.2675e-07	2296.02450806	0.0
7.27e-07	2269.21318353	0.0
7.2725e-07	2247.50032161	0.0
7.275e-07	2257.78970299	0.0
7.2775e-07	2275.84576199	0.0
7.28e-07	2212.44605398	0.0
7.2825e-07	2243.51218659	0.0
7.285e-07	2253.57415005	0.0
7.2875e-07	2254.30806446	0.0
7.29e-07	2276.14724079	0.0
7.2925e-07	2210.29294318	0.0
7.295e-07	2267.21290799	0.0
7.2975e-07	2237.93662025	0.0
7.3e-07	2205.27012684	0.0
7.3025e-07	2226.49161155	0.0
7.305e-07	2190.92011994	0.0
7.3075e-07	2234.09093312	0.0
7.31e-07	2139.5210681	0.0
7.3125e-07	2179.87518824	0.0
7.315e-07	2151.16430154	0.0
7.3175e-07	2147.72955112	0.0
7.32e-07	2167.8632541	0.0
7.3225e-07	2172.18095276	0.0
7.325e-07	2118.20948451	0.0
7.3275e-07	2180.8477403	0.0
7.33e-07	2186.30508388	0.0
7.3325e-07	2126.93198709	0.0
7.335e-07	2157.13692537	0.0
7.3375e-07	2126.52258749	0.0
7.34e-07	2071.58996085	0.0
7.3425e-07	2104.50230474	0.0
7.345e-07	2069.12351293	0.0
7.3475e-07	2136.41767926	0.0
7.35e-07	2095.11494573	0.0
7.3525e-07	2101.21103039	0.0
7.355e-07	2107.84029385	0.0
7.3575e-07	2099.00520657	0.0
7.36e-07	2087.56115413	0.0
7.3625e-07	2098.00641802	0.0
7.365e-07	2042.08868277	0.0
7.3675e-07	2058.30907024	0.0
7.37e-07	2036.51889808	0.0
7.3725e-07	1996.44963049	0.0
7.375e-07	2029.38514792	0.0
7.3775e-07	2047.49785171	0.0
7.38e-07	2019.57059914	0.0
7.3825e-07	2025.39979952	0.0
7.385e-07	1979.95516979	0.0
7.3875e-07	2013.64183189	0.0
7.39e-07	2021.77116099	0.0
7.3925e-07	2019.26107433	0.0
7.395e-07	2015.48033682	0.0
7.3975e-07	2003.67641496	0.0
7.4e-07	1947.07084245	0.0
7.4025e-07	1964.7291103	0.0
7.405e-07	1920.3071252	0.0
7.4075e-07	1939.48047209	0.0
7.41e-07	1952.12512954	0.0
7.4125e-07	1907.1440868	0.0
7.415e-07	1906.76705712	0.0
7.4175e-07	1919.09057855	0.0
7.42e-07	1938.58733007	0.0
7.4225e-07	1908.31361635	0.0
7.425e-07	1942.10066487	0.0
7.4275e-07	1876.33510929	0.0
7.43e-07	1886.4659474	0.0
7.4325e-07	1915.61261686	0.0
7.435e-07	1866.59584601	0.0
7.4375e-07	1917.4345591	0.0
7.44e-07	1848.78665567	0.0
7.4425e-07	1904.3197227	0.0
7.445e-07	1864.70678494	0.0
7.4475e-07	1863.22033041	0.0
7.45e-07	1813.91005704	0.0
7.4525e-07	1818.63436188	0.0
7.455e-07	1795.61928028	0.0
7.4575e-07	1850.93626182	0.0
7.46e-07	1864.49021007	0.0
7.4625e-07	1851.61528972	0.0
7.465e-07	1808.55204823	0.0
7.4675e-07	1780.94129179	0.0
7.47e-07	1822.56168802	0.0
7.4725e-07	1836.27484816	0.0
7.475e-07	1767.21152768	0.0
7.4775e-07	1753.32386868	0.0
7.48e-07	1743.34674988	0.0
7.4825e-07	1751.01003391	0.0
7.485e-07	1807.5673075	0.0
7.4875e-07	1774.37242836	0.0
7.49e-07	1759.60510427	0.0
7.4925e-07	1737.49599757	0.0
7.495e-07	1758.74984101	0.0
7.4975e-07	1796.93387132	0.0
7.5e-07	1779.03257739	0.0
7.5025e-07	1738.71166549	0.0
7.505e-07	1702.38984768	0.0
7.5075e-07	1734.41428272	0.0
7.51e-07	1726.2589079	0.0
7.5125e-07	1734.6910279	0.0
7.515e-07	1705.89713428	0.0
7.5175e-07	1672.77985616	0.0
7.52e-07	1674.93962244	0.0
7.5225e-07	1667.75604505	0.0
7.525e-07	1721.03165619	0.0
7.5275e-07	1707.03622487	0.0
7.53e-07	1636.60121327	0.0
7.5325e-07	1625.87904942	0.0
7.535e-07	1652.73239508	0.0
7.5375e-07	1686.83339227	0.0
7.54e-07	1617.49447298	0.0
7.5425e-07	1600.95024938	0.0
7.545e-07	1592.66328134	0.0
7.5475e-07	1610.35109811	0.0
7.55e-07	1649.94573612	0.0
7.5525e-07	1650.17736004	0.0
7.555e-07	1613.31988475	0.0
7.5575e-07	1641.11917495	0.0
7.56e-07	1623.0422306	0.0
7.5625e-07	1589.06641668	0.0
7.565e-07	1608.57054716	0.0
7.5675e-07	1635.73257512	0.0
7.57e-07	1606.60587829	0.0
7.5725e-07	1561.98695807	0.0
7.575e-07	1536.20648659	0.0
7.5775e-07	1560.7956891	0.0
7.58e-07	1522.21016811	0.0
7.5825e-07	1599.50524944	0.0
7.585e-07	1568.35067975	0.0
7.5875e-07	1518.01440074	0.0
7.59e-07	1560.61894026	0.0
7.5925e-07	1504.53288227	0.0
7.595e-07	1523.72063707	0.0
7.5975e-07	1530.31660627	0.0
7.6e-07	1489.33530179	0.0
7.6025e-07	1517.31027654	0.0
7.605e-07	1560.19723893	0.0
7.6075e-07	1554.35840663	0.0
7.61e-07	1531.99150842	0.0
7.6125e-07	1454.62285365	0.0
7.615e-07	1480.72658922	0.0
7.6175e-07	1496.00351485	0.0
7.62e-07	1501.94086717	0.0
7.6225e-07	1513.40680673	0.0
7.625e-07	1517.09085151	0.0
7.6275e-07	1497.73363729	0.0
7.63e-07	1457.60352828	0.0
7.6325e-07	1411.87975961	0.0
7.635e-07	1489.65296153	0.0
7.6375e-07	1483.91358447	0.0
7.64e-07	1471.77345282	0.0
7.6425e-07	1422.86650414	0.0
7.645e-07	1388.05604362	0.0
7.6475e-07	1424.86484918	0.0
7.65e-07	1387.02211343	0.0
7.6525e-07	1384.80715174	0.0
7.655e-07	1446.80584318	0.0
7.6575e-07	1438.20275316	0.0
7.66e-07	1382.84357157	0.0
7.6625e-07	1420.16804797	0.0
7.665e-07	1369.73181276	0.0
7.6675e-07	1395.15988757	0.0
7.67e-07	1341.31231191	0.0
7.6725e-07	1341.49841697	0.0
7.675e-07	1353.65087578	0.0
7.6775e-07	1365.1124336	0.0
7.68e-07	1330.70337666	0.0
7.6825e-07	1318.43844488	0.0
7.685e-07	1322.9001563	0.0
7.6875e-07	1346.56357295	0.0
7.69e-07	1346.29111795	0.0
7.6925e-07	1306.1135509	0.0
7.695e-07	1335.45124975	0.0
7.6975e-07	1366.66551343	0.0
7.7e-07	1275.81908205	0.0
7.7025e-07	1348.34243508	0.0
7.705e-07	1349.31932544	0.0
7.7075e-07	1255.17891821	0.0
7.71e-07	1296.32218429	0.0
7.7125e-07	1244.82659463	0.0
7.715e-07	1271.15107526	0.0
7.7175e-07	1318.96983414	0.0
7.72e-07	1258.13582986	0.0
7.7225e-07	1230.46309742	0.0
7.725e-07	1314.7996644	0.0
7.7275e-07	1280.66510421	0.0
7.73e-07	1290.58489914	0.0
7.7325e-07	1229.90537978	0.0
7.735e-07	1243.91996876	0.0
7.7375e-07	1256.31171221	0.0
7.74e-07	1276.81835293	0.0
7.7425e-07	1242.64841952	0.0
7.745e-07	1193.35792559	0.0
7.7475e-07	1221.95630792	0.0
7.75e-07	1206.4011375	0.0
7.7525e-07	1180.96338066	0.0
7.755e-07	1163.21787295	0.0
7.7575e-07	1219.58149125	0.0
7.76e-07	1219.21255656	0.0
7.7625e-07	1237.85027875	0.0
7.765e-07	1230.77445782	0.0
7.7675e-07	1227.21663444	0.0
7.77e-07	1158.47894863	0.0
7.7725e-07	1150.01418954	0.0
7.775e-07	1199.04684784	0.0
7.7775e-07	1199.72967586	0.0
7.78e-07	1181.85511242	0.0
7.7825e-07	1202.01982921	0.0
7.785e-07	1174.45199287	0.0
7.7875e-07	1108.03005186	0.0
7.79e-07	1129.4831343	0.0
7.7925e-07	1182.66180667	0.0
7.795e-07	1166.36953069	0.0
7.7975e-07	1082.5765649	0.0
7.8e-07	1154.89714817	0.0
7.8025e-07	1132.87402994	0.0
7.805e-07	1158.51932907	0.0
7.8075e-07	1141.52640233	0.0
7.81e-07	1129.21130558	0.0
7.8125e-07	1054.96362158	0.0
7.815e-07	1125.11054056	0.0
7.8175e-07	1104.93831472	0.0
7.82e-07	1082.79243622	0.0
7.8225e-07	1052.89402407	0.0
7.825e-07	1049.97255295	0.0
7.8275e-07	1062.69402302	0.0
7.83e-07	1027.2768789	0.0
7.8325e-07	1082.14332045	0.0
7.835e-07	1038.26883823	0.0
7.8375e-07	1055.94107395	0.0
7.84e-07	1019.50671867	0.0
7.8425e-07	1002.19592586	0.0
7.845e-07	1049.04897442	0.0
7.8475e-07	1023.97590239	0.0
7.85e-07	1021.25691555	0.0
7.8525e-07	1017.21311655	0.0
7.855e-07	1022.8670584	0.0
7.8575e-07	989.361003249	0.0
7.86e-07	1046.66584471	0.0
7.8625e-07	981.435338691	0.0
7.865e-07	1045.11967688	0.0
7.8675e-07	993.916837525	0.0
7.87e-07	1051.95309281	0.0
7.8725e-07	955.673471208	0.0
7.875e-07	1007.39189081	0.0
7.8775e-07	1030.47410742	0.0
7.88e-07	1032.03553039	0.0
7.8825e-07	933.676483172	0.0
7.885e-07	954.324142481	0.0
7.8875e-07	938.634985529	0.0
7.89e-07	993.132698334	0.0
7.8925e-07	932.965570209	0.0
7.895e-07	929.45799847	0.0
7.8975e-07	918.776941111	0.0
7.9e-07	1002.97364189	0.0
7.9025e-07	943.440566997	0.0
7.905e-07	988.142354578	0.0
7.9075e-07	896.297417611	0.0
7.91e-07	926.620576891	0.0
7.9125e-07	927.686802754	0.0
7.915e-07	967.543098128	0.0
7.9175e-07	885.301064329	0.0
7.92e-07	908.574525284	0.0
7.9225e-07	907.156302601	0.0
7.925e-07	904.228720593	0.0
7.9275e-07	897.422599914	0.0
7.93e-07	933.327836369	0.0
7.9325e-07	936.102835394	0.0
7.935e-07	912.91917136	0.0
7.9375e-07	917.810829644	0.0
7.94e-07	861.363622589	0.0
7.9425e-07	890.699142342	0.0
7.945e-07	841.735087072	0.0
7.9475e-07	907.411067976	0.0
7.95e-07	905.289173482	0.0
7.9525e-07	897.586495096	0.0
7.955e-07	875.463826729	0.0
7.9575e-07	863.156941577	0.0
7.96e-07	875.198635137	0.0
7.9625e-07	828.603079652	0.0
7.965e-07	886.705174003	0.0
7.9675e-07	830.818106632	0.0
7.97e-07	856.600269429	0.0
7.9725e-07	866.758687212	0.0
7.975e-07	878.585747355	0.0
7.9775e-07	860.967733083	0.0
7.98e-07	872.488052336	0.0
7.9825e-07	856.947134734	0.0
7.985e-07	853.950603824	0.0
7.9875e-07	851.947105791	0.0
7.99e-07	765.657415336	0.0
7.9925e-07	847.990405688	0.0
7.995e-07	817.161150079	0.0
7.9975e-07	843.031137664	0.0
8e-07	760.835280421	0.0
8.0025e-07	843.455994171	0.0
8.005e-07	838.405431587	0.0
8.0075e-07	761.919178637	0.0
8.01e-07	764.86413226	0.0
8.0125e-07	750.219788979	0.0
8.015e-07	771.184899781	0.0
8.0175e-07	784.963290798	0.0
8.02e-07	788.552965874	0.0
8.0225e-07	775.166124813	0.0
8.025e-07	744.006410564	0.0
8.0275e-07	806.345932385	0.0
8.03e-07	743.650711675	0.0
8.0325e-07	710.579553112	0.0
8.035e-07	757.90094342	0.0
8.0375e-07	715.310174741	0.0
8.04e-07	744.248648103	0.0
8.0425e-07	753.115456113	0.0
8.045e-07	707.590774181	0.0
8.0475e-07	723.494488294	0.0
8.05e-07	737.880788398	0.0
8.0525e-07	692.106793528	0.0
8.055e-07	696.646369877	0.0
8.0575e-07	741.644029098	0.0
8.06e-07	724.837399594	0.0
8.0625e-07	664.022468764	0.0
8.065e-07	706.726397319	0.0
8.0675e-07	672.736629982	0.0
8.07e-07	699.754501629	0.0
8.0725e-07	738.082473628	0.0
8.075e-07	741.588260225	0.0
8.0775e-07	716.1554062	0.0
8.08e-07	706.663218833	0.0
8.0825e-07	647.493546773	0.0
8.085e-07	703.129249238	0.0
8.0875e-07	684.256791375	0.0
8.09e-07	717.657498948	0.0
8.0925e-07	659.617125445	0.0
8.095e-07	647.977511843	0.0
8.0975e-07	704.939956108	0.0
8.1e-07	664.609155114	0.0
8.1025e-07	652.329301418	0.0
8.105e-07	610.841278095	0.0
8.1075e-07	623.760377591	0.0
8.11e-07	635.460569858	0.0
8.1125e-07	698.422991465	0.0
8.115e-07	603.147895431	0.0
8.1175e-07	616.704865933	0.0
8.12e-07	657.370614386	0.0
8.1225e-07	683.33676429	0.0
8.125e-07	605.924590561	0.0
8.1275e-07	676.329421063	0.0
8.13e-07	631.666410318	0.0
8.1325e-07	625.382684134	0.0
8.135e-07	645.406103942	0.0
8.1375e-07	645.697837022	0.0
8.14e-07	576.179193618	0.0
8.1425e-07	646.227890537	0.0
8.145e-07	645.031589345	0.0
8.1475e-07	577.638750838	0.0
8.15e-07	617.106049145	0.0
8.1525e-07	597.308437847	0.0
8.155e-07	626.969217308	0.0
8.1575e-07	583.097753737	0.0
8.16e-07	558.357461064	0.0
8.1625e-07	558.021804873	0.0
8.165e-07	578.838425395	0.0
8.1675e-07	550.689469522	0.0
8.17e-07	613.768427766	0.0
8.1725e-07	620.354154807	0.0
8.175e-07	538.476492497	0.0
8.1775e-07	568.962605221	0.0
8.18e-07	580.562400009	0.0
8.1825e-07	520.367955836	0.0
8.185e-07	571.737383146	0.0
8.1875e-07	521.204476779	0.0
8.19e-07	531.415958774	0.0
8.1925e-07	566.807937758	0.0
8.195e-07	604.103839878	0.0
8.1975e-07	585.048042282	0.0
8.2e-07	589.220779353	0.0
8.2025e-07	540.0718188	0.0
8.205e-07	506.230247308	0.0
8.2075e-07	535.445598866	0.0
8.21e-07	517.090268412	0.0
8.2125e-07	544.827678897	0.0
8.215e-07	579.495984193	0.0
8.2175e-07	557.313501167	0.0
8.22e-07	567.550998487	0.0
8.2225e-07	548.515404051	0.0
8.225e-07	487.331905974	0.0
8.2275e-07	536.619545385	0.0
8.23e-07	499.301621176	0.0
8.2325e-07	475.073020822	0.0
8.235e-07	510.135837705	0.0
8.2375e-07	514.366938043	0.0
8.24e-07	533.204682279	0.0
8.2425e-07	545.108536751	0.0
8.245e-07	540.060578334	0.0
8.2475e-07	544.820088204	0.0
8.25e-07	498.699421839	0.0
8.2525e-07	470.828458202	0.0
8.255e-07	465.515564011	0.0
8.2575e-07	532.398744495	0.0
8.26e-07	523.71265325	0.0
8.2625e-07	477.343117165	0.0
8.265e-07	454.39124837	0.0
8.2675e-07	453.244152724	0.0
8.27e-07	469.798892192	0.0
8.2725e-07	515.840652424	0.0
8.275e-07	482.227685336	0.0
8.2775e-07	421.135985763	0.0
8.28e-07	509.488330212	0.0
8.2825e-07	428.576169311	0.0
8.285e-07	492.863799321	0.0
8.2875e-07	473.478519726	0.0
8.29e-07	418.053671781	0.0
8.2925e-07	434.367176915	0.0
8.295e-07	433.78848208	0.0
8.2975e-07	407.175708251	0.0
8.3e-07	462.595314536	0.0
8.3025e-07	423.013724657	0.0
8.305e-07	493.701216164	0.0
8.3075e-07	421.273172018	0.0
8.31e-07	471.334904311	0.0
8.3125e-07	469.727046735	0.0
8.315e-07	479.919269253	0.0
8.3175e-07	458.178774017	0.0
8.32e-07	469.81719514	0.0
8.3225e-07	423.274939854	0.0
8.325e-07	386.069113659	0.0
8.3275e-07	443.146248351	0.0
8.33e-07	385.185680415	0.0
8.3325e-07	425.200856512	0.0
8.335e-07	398.553118121	0.0
8.3375e-07	432.428649893	0.0
8.34e-07	454.397954597	0.0
8.3425e-07	395.010127962	0.0
8.345e-07	363.672216066	0.0
8.3475e-07	368.403017225	0.0
8.35e-07	403.106216053	0.0
8.3525e-07	418.458909208	0.0
8.355e-07	442.192029045	0.0
8.3575e-07	371.441121026	0.0
8.36e-07	392.456717846	0.0
8.3625e-07	349.508486487	0.0
8.365e-07	381.122797364	0.0
8.3675e-07	346.269417527	0.0
8.37e-07	386.244964888	0.0
8.3725e-07	344.745013563	0.0
8.375e-07	361.3919945	0.0
8.3775e-07	413.992833141	0.0
8.38e-07	430.383549177	0.0
8.3825e-07	422.104999687	0.0
8.385e-07	428.299406024	0.0
8.3875e-07	361.742598072	0.0
8.39e-07	347.630825536	0.0
8.3925e-07	376.543337442	0.0
8.395e-07	376.81144083	0.0
8.3975e-07	348.185316832	0.0
8.4e-07	381.342197214	0.0
8.4025e-07	319.716145222	0.0
8.405e-07	332.417098912	0.0
8.4075e-07	329.59139117	0.0
8.41e-07	316.986806127	0.0
8.4125e-07	310.60199082	0.0
8.415e-07	336.990666877	0.0
8.4175e-07	372.363694072	0.0
8.42e-07	346.54494226	0.0
8.4225e-07	355.968044262	0.0
8.425e-07	315.320854653	0.0
8.4275e-07	364.739109171	0.0
8.43e-07	379.001929902	0.0
8.4325e-07	326.751635194	0.0
8.435e-07	311.03172926	0.0
8.4375e-07	340.845122882	0.0
8.44e-07	335.892920829	0.0
8.4425e-07	385.405322286	0.0
8.445e-07	375.740201894	0.0
8.4475e-07	360.294714763	0.0
8.45e-07	355.092823265	0.0
8.4525e-07	344.081389575	0.0
8.455e-07	331.524701807	0.0
8.4575e-07	283.114452374	0.0
8.46e-07	341.580221287	0.0
8.4625e-07	353.509437629	0.0
8.465e-07	339.665124097	0.0
8.4675e-07	295.590363212	0.0
8.47e-07	367.254836703	0.0
8.4725e-07	328.684959368	0.0
8.475e-07	312.124738266	0.0
8.4775e-07	316.717269986	0.0
8.48e-07	267.654823231	0.0
8.4825e-07	260.896937937	0.0
8.485e-07	348.877060091	0.0
8.4875e-07	275.609791327	0.0
8.49e-07	280.384561931	0.0
8.4925e-07	285.146775187	0.0
8.495e-07	283.921027209	0.0
8.4975e-07	308.037119925	0.0
8.5e-07	298.311457926	0.0
8.5025e-07	281.967120288	0.0
8.505e-07	330.788014266	0.0
8.5075e-07	265.953693721	0.0
8.51e-07	328.764151877	0.0
8.5125e-07	283.341429601	0.0
8.515e-07	313.805548357	0.0
8.5175e-07	316.397614252	0.0
8.52e-07	238.067122268	0.0
8.5225e-07	241.33146087	0.0
8.525e-07	237.990282646	0.0
8.5275e-07	235.707789551	0.0
8.53e-07	273.550297277	0.0
8.5325e-07	277.66390317	0.0
8.535e-07	259.914460261	0.0
8.5375e-07	304.94867884	0.0
8.54e-07	308.704814408	0.0
8.5425e-07	251.765490919	0.0
8.545e-07	257.840654138	0.0
8.5475e-07	316.719722267	0.0
8.55e-07	316.131013149	0.0
8.5525e-07	288.808128178	0.0
8.555e-07	216.357338753	0.0
8.5575e-07	308.123737232	0.0
8.56e-07	302.06886495	0.0
8.5625e-07	225.16890383	0.0
8.565e-07	276.40175923	0.0
8.5675e-07	220.731177884	0.0
8.57e-07	213.351410815	0.0
8.5725e-07	290.013402459	0.0
8.575e-07	303.050113423	0.0
8.5775e-07	242.398435647	0.0
8.58e-07	292.741126358	0.0
8.5825e-07	253.877142025	0.0
8.585e-07	266.649772861	0.0
8.5875e-07	227.933992936	0.0
8.59e-07	228.457578596	0.0
8.5925e-07	272.190937679	0.0
8.595e-07	197.801262544	0.0
8.5975e-07	254.562096326	0.0
8.6e-07	222.045976487	0.0
8.6025e-07	198.386694012	0.0
8.605e-07	235.595033017	0.0
8.6075e-07	262.666842859	0.0
8.61e-07	190.526609522	0.0
8.6125e-07	188.506866539	0.0
8.615e-07	209.860069478	0.0
8.6175e-07	230.225217824	0.0
8.62e-07	222.573986872	0.0
8.6225e-07	254.637895295	0.0
8.625e-07	249.321518303	0.0
8.6275e-07	189.085401862	0.0
8.63e-07	218.040376777	0.0
8.6325e-07	177.491441408	0.0
8.635e-07	187.06102653	0.0
8.6375e-07	227.832514618	0.0
8.64e-07	193.574179053	0.0
8.6425e-07	234.063005775	0.0
8.645e-07	189.60927027	0.0
8.6475e-07	185.215015213	0.0
8.65e-07	206.424317213	0.0
8.6525e-07	247.721460205	0.0
8.655e-07	213.683288689	0.0
8.6575e-07	183.477019875	0.0
8.66e-07	219.041558473	0.0
8.6625e-07	204.821021174	0.0
8.665e-07	232.980244656	0.0
8.6675e-07	235.269007591	0.0
8.67e-07	159.864447542	0.0
8.6725e-07	216.672073031	0.0
8.675e-07	215.749810367	0.0
8.6775e-07	173.694523545	0.0
8.68e-07	206.811203751	0.0
8.6825e-07	198.827415074	0.0
8.685e-07	224.019925307	0.0
8.6875e-07	153.740922525	0.0
8.69e-07	188.552857168	0.0
8.6925e-07	179.678643595	0.0
8.695e-07	170.263897138	0.0
8.6975e-07	238.695835805	0.0
8.7e-07	176.527767893	0.0
8.7025e-07	234.144453761	0.0
8.705e-07	203.948227732	0.0
8.7075e-07	240.913897111	0.0
8.71e-07	161.64271413	0.0
8.7125e-07	197.746514313	0.0
8.715e-07	164.686231182	0.0
8.7175e-07	201.34778589	0.0
8.72e-07	216.430649569	0.0
8.7225e-07	215.75090587	0.0
8.725e-07	152.051519184	0.0
8.7275e-07	162.781806425	0.0
8.73e-07	207.927207472	0.0
8.7325e-07	187.353839731	0.0
8.735e-07	155.188072545	0.0
8.7375e-07	231.885075906	0.0
8.74e-07	196.668191685	0.0
8.7425e-07	220.656272454	0.0
8.745e-07	191.638168743	0.0
8.7475e-07	208.037681723	0.0
8.75e-07	138.946959537	0.0
8.7525e-07	225.36153227	0.0
8.755e-07	163.34689526	0.0
8.7575e-07	217.575562095	0.0
8.76e-07	181.380159731	0.0
8.7625e-07	212.856296597	0.0
8.765e-07	178.490477159	0.0
8.7675e-07	199.602162289	0.0
8.77e-07	186.85204833	0.0
8.7725e-07	206.852877167	0.0
8.775e-07	200.913402887	0.0
8.7775e-07	171.470570693	0.0
8.78e-07	149.030150194	0.0
8.7825e-07	176.23596171	0.0
8.785e-07	208.579578951	0.0
8.7875e-07	144.485062784	0.0
8.79e-07	115.397464831	0.0
8.7925e-07	119.060405233	0.0
8.795e-07	122.979336743	0.0
8.7975e-07	169.789269053	0.0
8.8e-07	124.025139207	0.0
8.8025e-07	207.539884047	0.0
8.805e-07	203.734098988	0.0
8.8075e-07	150.74837355	0.0
8.81e-07	191.12628641	0.0
8.8125e-07	196.430840674	0.0
8.815e-07	172.698083135	0.0
8.8175e-07	128.199780781	0.0
8.82e-07	159.811957636	0.0
8.8225e-07	105.261985819	0.0
8.825e-07	167.689571175	0.0
8.8275e-07	180.094366224	0.0
8.83e-07	185.362078905	0.0
8.8325e-07	150.806672711	0.0
8.835e-07	195.739187278	0.0
8.8375e-07	150.059828456	0.0
8.84e-07	132.447182803	0.0
8.8425e-07	141.999347205	0.0
8.845e-07	159.578177816	0.0
8.8475e-07	193.840744361	0.0
8.85e-07	166.152785177	0.0
8.8525e-07	165.759443497	0.0
8.855e-07	180.292490657	0.0
8.8575e-07	144.556343499	0.0
8.86e-07	174.72800715	0.0
8.8625e-07	141.395736742	0.0
8.865e-07	126.444012807	0.0
8.8675e-07	146.209307342	0.0
